[
	{
		"chassis": "J9O 5P3",
		"owner": "Alexis",
		"distance": "22.4078718509",
		"runtime": 90
	},
	{
		"chassis": "R8B 7Y2",
		"owner": "Linus",
		"distance": "23.5309887472",
		"runtime": 178
	},
	{
		"chassis": "C9B 5C6",
		"owner": "Teegan",
		"distance": "24.7999757523",
		"runtime": 103
	},
	{
		"chassis": "C7H 6J2",
		"owner": "Josephine",
		"distance": "19.9345620207",
		"runtime": 145
	},
	{
		"chassis": "N6B 5K5",
		"owner": "Callum",
		"distance": "21.9523168823",
		"runtime": 142
	},
	{
		"chassis": "H5C 7C0",
		"owner": "Irene",
		"distance": "24.8340264493",
		"runtime": 174
	},
	{
		"chassis": "X1I 8F2",
		"owner": "Jenna",
		"distance": "24.7497976914",
		"runtime": 61
	},
	{
		"chassis": "B7I 9H7",
		"owner": "Yetta",
		"distance": "21.2751146698",
		"runtime": 228
	},
	{
		"chassis": "X2A 8L0",
		"owner": "Hakeem",
		"distance": "22.313197625",
		"runtime": 82
	},
	{
		"chassis": "L4F 2D4",
		"owner": "Leandra",
		"distance": "21.2271471889",
		"runtime": 103
	},
	{
		"chassis": "P7K 4A1",
		"owner": "Olympia",
		"distance": "23.1785257937",
		"runtime": 180
	},
	{
		"chassis": "H8Y 2Z7",
		"owner": "Dominic",
		"distance": "22.6317478503",
		"runtime": 42
	},
	{
		"chassis": "Q3H 0C2",
		"owner": "Deacon",
		"distance": "19.7184828982",
		"runtime": 192
	},
	{
		"chassis": "J9O 5P3",
		"owner": "Alexis",
		"distance": "20.1476544152",
		"runtime": 200
	},
	{
		"chassis": "U5V 4R6",
		"owner": "Joan",
		"distance": "22.7754403247",
		"runtime": 190
	},
	{
		"chassis": "A5I 1W8",
		"owner": "Indira",
		"distance": "22.0765476223",
		"runtime": 192
	},
	{
		"chassis": "G8E 7Q1",
		"owner": "Dale",
		"distance": "19.8265189489",
		"runtime": 99
	},
	{
		"chassis": "J9O 5P3",
		"owner": "Alexis",
		"distance": "23.6426647177",
		"runtime": 82
	},
	{
		"chassis": "P4Z 1G6",
		"owner": "Remedios",
		"distance": "27.2762571876",
		"runtime": 201
	},
	{
		"chassis": "P4P 0G5",
		"owner": "Byron",
		"distance": "28.522679611",
		"runtime": 188
	},
	{
		"chassis": "R6K 2N3",
		"owner": "Tobias",
		"distance": "23.9618740698",
		"runtime": 176
	},
	{
		"chassis": "J8Z 1I8",
		"owner": "Camille",
		"distance": "28.9191598829",
		"runtime": 146
	},
	{
		"chassis": "R6B 0S1",
		"owner": "Roth",
		"distance": "18.7514850847",
		"runtime": 132
	},
	{
		"chassis": "H5R 0P7",
		"owner": "Yen",
		"distance": "26.3387703729",
		"runtime": 180
	},
	{
		"chassis": "C3L 3I6",
		"owner": "Lucas",
		"distance": "27.0762081453",
		"runtime": 11
	},
	{
		"chassis": "J6R 0B9",
		"owner": "Carter",
		"distance": "23.8634075021",
		"runtime": 105
	},
	{
		"chassis": "B9L 2V2",
		"owner": "Darryl",
		"distance": "24.0216169688",
		"runtime": 166
	},
	{
		"chassis": "B8D 7I3",
		"owner": "Kennan",
		"distance": "22.7247690165",
		"runtime": 68
	},
	{
		"chassis": "O9F 8X6",
		"owner": "Austin",
		"distance": "15.3778651245",
		"runtime": 199
	},
	{
		"chassis": "J2U 7B9",
		"owner": "Sage",
		"distance": "22.2914915275",
		"runtime": 187
	},
	{
		"chassis": "Q2C 0P9",
		"owner": "Jenette",
		"distance": "22.2638279909",
		"runtime": 71
	},
	{
		"chassis": "J9O 5P3",
		"owner": "Alexis",
		"distance": "20.083201774",
		"runtime": 142
	},
	{
		"chassis": "S6O 3I5",
		"owner": "Bernard",
		"distance": "25.9246536691",
		"runtime": 114
	},
	{
		"chassis": "U1I 1U8",
		"owner": "Orlando",
		"distance": "22.6448918399",
		"runtime": 100
	},
	{
		"chassis": "G0W 0A4",
		"owner": "Colleen",
		"distance": "24.7110856991",
		"runtime": 155
	},
	{
		"chassis": "K9Q 1Q0",
		"owner": "Hayden",
		"distance": "24.7060848284",
		"runtime": 156
	},
	{
		"chassis": "Y7J 3U2",
		"owner": "Clementine",
		"distance": "18.6324678185",
		"runtime": 124
	},
	{
		"chassis": "G5B 2N7",
		"owner": "Brandon",
		"distance": "22.963836002",
		"runtime": 117
	},
	{
		"chassis": "Y4A 6K9",
		"owner": "Dakota",
		"distance": "25.2959989866",
		"runtime": 45
	},
	{
		"chassis": "J5D 5A1",
		"owner": "Aimee",
		"distance": "24.6519541971",
		"runtime": 78
	},
	{
		"chassis": "W6K 9K7",
		"owner": "Emerson",
		"distance": "21.5998756731",
		"runtime": 227
	},
	{
		"chassis": "G6N 2P8",
		"owner": "Lucy",
		"distance": "20.17848841",
		"runtime": 230
	},
	{
		"chassis": "J9O 5P3",
		"owner": "Alex",
		"distance": "24.2216803537",
		"runtime": 213
	},
	{
		"chassis": "N8C 2G4",
		"owner": "Dara",
		"distance": "25.0835359753",
		"runtime": 173
	},
	{
		"chassis": "Z1W 9Z9",
		"owner": "Denton",
		"distance": "21.1839797816",
		"runtime": 18
	},
	{
		"chassis": "K0G 8X8",
		"owner": "Murphy",
		"distance": "23.3409544732",
		"runtime": 54
	},
	{
		"chassis": "D8H 6F5",
		"owner": "Pascale",
		"distance": "21.3277910625",
		"runtime": 108
	},
	{
		"chassis": "M8K 2I4",
		"owner": "Thomas",
		"distance": "19.6686358007",
		"runtime": 66
	},
	{
		"chassis": "S8E 6V1",
		"owner": "Audra",
		"distance": "22.5810905251",
		"runtime": 104
	},
	{
		"chassis": "H1A 2Q2",
		"owner": "Jane",
		"distance": "23.4093742731",
		"runtime": 227
	},
	{
		"chassis": "F7H 4D5",
		"owner": "Vanna",
		"distance": "20.8370726506",
		"runtime": 72
	},
	{
		"chassis": "M7E 7Q3",
		"owner": "Lillian",
		"distance": "24.6667052152",
		"runtime": 209
	},
	{
		"chassis": "L6D 1E5",
		"owner": "Jemima",
		"distance": "21.4146833256",
		"runtime": 191
	},
	{
		"chassis": "J9O 5P3",
		"owner": "Alexis",
		"distance": "20.6882015313",
		"runtime": 25
	},
	{
		"chassis": "Q5J 6K8",
		"owner": "Garth",
		"distance": "22.0428100727",
		"runtime": 229
	},
	{
		"chassis": "J9O 5P3",
		"owner": "Alexis",
		"distance": "23.7001898237",
		"runtime": 86
	},
	{
		"chassis": "N8C 5N2",
		"owner": "Jana",
		"distance": "20.6793412202",
		"runtime": 173
	},
	{
		"chassis": "Y2Q 2G5",
		"owner": "Virginia",
		"distance": "20.155210478",
		"runtime": 190
	},
	{
		"chassis": "I7O 0P6",
		"owner": "Steel",
		"distance": "20.1435091583",
		"runtime": 197
	},
	{
		"chassis": "G7P 5Z2",
		"owner": "Idola",
		"distance": "20.5198567815",
		"runtime": 72
	},
	{
		"chassis": "X9C 7I3",
		"owner": "Lev",
		"distance": "20.9645508366",
		"runtime": 34
	},
	{
		"chassis": "R0X 3U6",
		"owner": "Alex",
		"distance": "18.2290482568",
		"runtime": 69
	},
	{
		"chassis": "X0L 4J2",
		"owner": "Zena",
		"distance": "18.4877741684",
		"runtime": 106
	},
	{
		"chassis": "R0X 3U6",
		"owner": "Samantha",
		"distance": "25.5030301081",
		"runtime": 103
	},
	{
		"chassis": "H1U 1W1",
		"owner": "Slade",
		"distance": "23.9121394223",
		"runtime": 110
	},
	{
		"chassis": "E1M 2K0",
		"owner": "Kellie",
		"distance": "24.594744168",
		"runtime": 174
	},
	{
		"chassis": "V3C 4R3",
		"owner": "Amos",
		"distance": "24.4367435836",
		"runtime": 215
	},
	{
		"chassis": "O2N 1A9",
		"owner": "Yetta",
		"distance": "25.2202474739",
		"runtime": 20
	},
	{
		"chassis": "J1M 4H7",
		"owner": "Craig",
		"distance": "22.9998348795",
		"runtime": 137
	},
	{
		"chassis": "P2M 9O0",
		"owner": "Trevor",
		"distance": "26.4771845828",
		"runtime": 78
	},
	{
		"chassis": "U7Q 9G5",
		"owner": "Driscoll",
		"distance": "24.2058817466",
		"runtime": 65
	},
	{
		"chassis": "A7K 1D9",
		"owner": "Dustin",
		"distance": "24.6153572438",
		"runtime": 196
	},
	{
		"chassis": "R0X 3U6",
		"owner": "Samantha",
		"distance": "26.2608618268",
		"runtime": 15
	},
	{
		"chassis": "G2P 0R1",
		"owner": "Cameran",
		"distance": "26.5675979329",
		"runtime": 195
	},
	{
		"chassis": "A6S 3Q3",
		"owner": "Isaac",
		"distance": "17.4911691964",
		"runtime": 106
	},
	{
		"chassis": "A9A 3F2",
		"owner": "Neve",
		"distance": "26.7242414174",
		"runtime": 191
	},
	{
		"chassis": "R0X 3U6",
		"owner": "Samantha",
		"distance": "22.5701326441",
		"runtime": 214
	},
	{
		"chassis": "U5Y 9J1",
		"owner": "Kevin",
		"distance": "21.271821478",
		"runtime": 89
	},
	{
		"chassis": "V3V 7K3",
		"owner": "Harlan",
		"distance": "20.2263146761",
		"runtime": 114
	},
	{
		"chassis": "S1G 2N0",
		"owner": "Lacy",
		"distance": "19.2511696958",
		"runtime": 196
	},
	{
		"chassis": "B3G 6H3",
		"owner": "Pascale",
		"distance": "21.0685360738",
		"runtime": 187
	},
	{
		"chassis": "R0X 3U6",
		"owner": "Alex",
		"distance": "25.7066365854",
		"runtime": 230
	},
	{
		"chassis": "R1M 3S1",
		"owner": "Jocelyn",
		"distance": "24.4861511886",
		"runtime": 119
	},
	{
		"chassis": "K5A 2D9",
		"owner": "Cody",
		"distance": "24.319865229",
		"runtime": 107
	},
	{
		"chassis": "K8W 5K5",
		"owner": "Dakota",
		"distance": "23.7135290773",
		"runtime": 70
	},
	{
		"chassis": "R0X 3U6",
		"owner": "Samantha",
		"distance": "26.965231044",
		"runtime": 229
	},
	{
		"chassis": "E0E 0H7",
		"owner": "Cherokee",
		"distance": "22.7147960239",
		"runtime": 178
	},
	{
		"chassis": "I0T 5Z8",
		"owner": "Giacomo",
		"distance": "27.2631300317",
		"runtime": 108
	},
	{
		"chassis": "Y3L 9P1",
		"owner": "Graiden",
		"distance": "24.7501658654",
		"runtime": 107
	},
	{
		"chassis": "R0X 3U6",
		"owner": "Samantha",
		"distance": "26.2043769342",
		"runtime": 124
	},
	{
		"chassis": "K6Z 5M5",
		"owner": "Cailin",
		"distance": "19.9904882995",
		"runtime": 157
	},
	{
		"chassis": "S6V 5Y0",
		"owner": "Igor",
		"distance": "21.8016881865",
		"runtime": 86
	},
	{
		"chassis": "Z9X 4C5",
		"owner": "Rigel",
		"distance": "22.2028588744",
		"runtime": 84
	},
	{
		"chassis": "W6C 1S3",
		"owner": "Gary",
		"distance": "23.4556372174",
		"runtime": 26
	},
	{
		"chassis": "M5K 7F4",
		"owner": "Tasha",
		"distance": "22.508338369",
		"runtime": 187
	},
	{
		"chassis": "Z4X 7G8",
		"owner": "Sonya",
		"distance": "25.9535119777",
		"runtime": 161
	},
	{
		"chassis": "R0X 3U6",
		"owner": "Alex",
		"distance": "18.9614040544",
		"runtime": 159
	},
	{
		"chassis": "N3X 7C3",
		"owner": "Brenda",
		"distance": "20.804640489",
		"runtime": 32
	},
	{
		"chassis": "M9I 0E7",
		"owner": "Moses",
		"distance": "21.6372134074",
		"runtime": 15
	},
	{
		"chassis": "X0U 5E9",
		"owner": "Samantha",
		"distance": "23.482865065",
		"runtime": 160
	}
]